{
  "epochs_trained": 74,
  "loss_history": [
    3.744077244439186,
    3.1215673277011287,
    3.121565933533204,
    3.1215345963453633,
    3.1212635037608636,
    3.1209139646857214,
    3.120174321142527,
    3.12010225548194,
    3.121166706024072,
    3.116092804647409,
    3.0061580211000565,
    2.8021190114968864,
    2.1215362433554272,
    1.8019485471111079,
    1.6192344268163046,
    1.5064863168276272,
    1.4270277503534006,
    1.3635759697243188,
    1.3164984807372093,
    1.2763659777683325,
    1.2468735142911855,
    1.2195148073920072,
    1.1949938004483016,
    1.1728223682940007,
    1.1580263239298112,
    1.143718079177615,
    1.1333047951356723,
    1.116799735102134,
    1.1097035942933497,
    1.1023837133458791,
    1.0955328073600927,
    1.0888835452267758,
    1.0824882465906631,
    1.0775110909533807,
    1.072714855808478,
    1.0674509701342918,
    1.0648894840860978,
    1.0622524122740977,
    1.0614184199025234,
    1.062389767639912,
    1.0670504930624978,
    1.0547693351178598,
    1.0472274515204705,
    1.0494328562628765,
    1.0408317553080044,
    1.0399753186889948,
    1.0368516196463353,
    1.0343894285899706,
    1.0291060231272608,
    1.0262971996878967,
    1.025895233041583,
    1.0262356394338301,
    1.0229918135530673,
    1.0215810289606453,
    1.0273959963663648,
    1.0190936836714928,
    1.0254213861032173,
    1.0298046446782656,
    1.0283485419389147,
    1.018906672155628,
    1.0111491905009518,
    1.0092393561099202,
    1.044747343485554,
    1.0341651352112875,
    1.0129318429787573,
    1.005237184490722,
    1.0034219089083565,
    1.005189746128252,
    1.0076196711949814,
    1.0064601583606922,
    1.0100469021718854,
    1.0046487133749402,
    1.0101032950681372,
    1.009744985201993
  ],
  "best_loss": 1.0034219089083565,
  "name": "agent_trade_5m_full_RP",
  "data_normalize": true,
  "timetravel": "5m",
  "indecaters": {
    "EMA": {
      "period": 41,
      "column": "min"
    },
    "RSI": {
      "period": 24
    },
    "MACD": {
      "fast": 33,
      "slow": 49,
      "signal": 41
    },
    "BOLLINGER": {
      "period": 22,
      "num_std": 46
    },
    "OBV": {}
  },
  "input_features": [
    "close",
    "max",
    "min",
    "volume"
  ],
  "datetime_format": "%m-%d %H:%M %w",
  "seq_len": 30,
  "pred_len": 10,
  "hidden_size": 128,
  "n_heads": 4,
  "num_layers": 4,
  "emb_month_size": 8,
  "emb_weekday_size": 4,
  "lstm_hidden": 256,
  "dropout": 0.2,
  "loss": 1.0034219089083565,
  "hyperparams": {
    "base_lr": 1e-05,
    "batch_size": 150,
    "weight_decay": 0.0001
  }
}