{
  "epochs_trained": 83,
  "loss_history": [
    3.6693668915369573,
    3.1215672333271076,
    3.121565879017879,
    3.1214706838054536,
    3.121262206565111,
    3.0845074805006,
    2.7960756693742215,
    2.080726690185376,
    1.7724354162926856,
    1.5960543418694766,
    1.4892374647313205,
    1.4114034577401784,
    1.3489326953219298,
    1.3096183134691837,
    1.2726846445179902,
    1.2490486097794313,
    1.2226586228093275,
    1.2041371974501853,
    1.1827417398740847,
    1.1685407131528243,
    1.1576825612649704,
    1.1424920147237105,
    1.1308901816377273,
    1.1193367932115992,
    1.113743646951058,
    1.1079539099526712,
    1.0959616013234244,
    1.0943166609089343,
    1.0870699449552175,
    1.0812788056706388,
    1.0761112658851422,
    1.0777814869296092,
    1.0681827680021525,
    1.0642464714248976,
    1.0635313325499496,
    1.0572121715392822,
    1.0582017204012626,
    1.0526943138977274,
    1.0467774688032192,
    1.043319528420002,
    1.0422334644322595,
    1.0391757915885402,
    1.0348408754771719,
    1.0364131416246678,
    1.0316345625456709,
    1.0345246720772523,
    1.030066043181488,
    1.0312711465234559,
    1.0297078595444178,
    1.0237554888981275,
    1.025846874263042,
    1.0186041520497737,
    1.0156715032821282,
    1.0289577337258902,
    1.0174391756053918,
    1.0149507068068935,
    1.0168208456020325,
    1.0133564417245677,
    1.0146546251708881,
    1.012158921791766,
    1.0125906905722923,
    1.0111054032716231,
    1.0133094839455608,
    1.0064290782665977,
    1.0063798886594864,
    1.0098268049296277,
    1.0071482643513725,
    1.003167699306057,
    1.0008462171695935,
    1.0048665705294564,
    1.0022866442035405,
    1.0162470022006294,
    1.0046773724171978,
    1.0007697662233541,
    0.9989181421267298,
    0.995078873703113,
    0.9974881039598049,
    1.000478740340242,
    0.9982245454297234,
    0.9968660933151842,
    1.002610044624561,
    1.0069333544182473,
    1.0378578096933855
  ],
  "best_loss": 0.995078873703113,
  "name": "agent_trade_5m_full_RP",
  "data_normalize": true,
  "timetravel": "5m",
  "indecaters": {
    "EMA": {
      "period": 16,
      "column": "open"
    },
    "RSI": {
      "period": 47
    },
    "BOLLINGER": {
      "period": 35,
      "num_std": 24
    },
    "MFI": {
      "period": 5
    }
  },
  "input_features": [
    "close",
    "max",
    "min",
    "volume"
  ],
  "datetime_format": "%m-%d %H:%M %w",
  "seq_len": 30,
  "pred_len": 10,
  "hidden_size": 128,
  "n_heads": 4,
  "num_layers": 4,
  "emb_month_size": 8,
  "emb_weekday_size": 4,
  "lstm_hidden": 256,
  "dropout": 0.2,
  "loss": 0.995078873703113,
  "hyperparams": {
    "base_lr": 1e-05,
    "batch_size": 150,
    "weight_decay": 0.0001
  }
}