{
  "epochs_trained": 100,
  "loss_history": [
    7.153471009914692,
    3.080791912170557,
    3.028026805336659,
    2.98096390751692,
    2.9333000856637956,
    2.892383389381262,
    2.85343517945363,
    2.8179657838436274,
    2.7865198491628353,
    2.755264730315942,
    2.725318247950994,
    2.699359430716588,
    2.677264879483443,
    2.651877970970594,
    2.63142745921245,
    2.6148890815331387,
    2.5948675060730713,
    2.5782550416084438,
    2.563468056046046,
    2.548159691783098,
    2.5336720710534317,
    2.52298936013992,
    2.510558237341734,
    2.499811956515679,
    2.4888115792549574,
    2.4807471429384673,
    2.4701694459181565,
    2.463799377954923,
    2.4543428099155427,
    2.447659060863348,
    2.439867753982544,
    2.433712531740849,
    2.4282918824599338,
    2.424107076021341,
    2.417270182096041,
    2.41317589535163,
    2.408071448161052,
    2.4039981207939296,
    2.4006395983237487,
    2.396205562078036,
    2.3907384167267725,
    2.3881901181202667,
    2.3848857345030856,
    2.3814927062621485,
    2.379015243557783,
    2.3754820337203832,
    2.373244774112335,
    2.370734442747556,
    2.3688072649790692,
    2.3662721727444573,
    2.3638628355356364,
    2.361140976410646,
    2.3592081962869718,
    2.3589202746061178,
    2.3561921906012757,
    2.3539227148431996,
    2.35256789120344,
    2.3503675970205893,
    2.3485720873337526,
    2.348550736720745,
    2.3463095309184148,
    2.3451746643506564,
    2.343936110459841,
    2.3436083541925137,
    2.3420325199457315,
    2.3415655771127115,
    2.3395320229805434,
    2.3382319702093417,
    2.338857266513201,
    2.337093498660968,
    2.335669126831568,
    2.335616218310136,
    2.3343487651073014,
    2.334062845110893,
    2.3332800917442027,
    2.3333410836641604,
    2.331821667827093,
    2.330394688111085,
    2.331137400682156,
    2.32952048434661,
    2.329260767927537,
    2.3283247708815793,
    2.327453889984351,
    2.3273199639412074,
    2.3264601648770844,
    2.325452129336504,
    2.3264028779589214,
    2.3256298704789233,
    2.3247272166380517,
    2.3247280513781767,
    2.3238911292644646,
    2.3235507113199967,
    2.3240529494102184,
    2.3227473405691295,
    2.3219955048194296,
    2.322279925071276,
    2.32172946031277,
    2.3218168097275953,
    2.3207897027180744,
    2.3202725043205112
  ],
  "best_loss": 2.3202725043205112,
  "name": "agent_trade_5m_full_RP",
  "data_normalize": true,
  "timetravel": "5m",
  "indecaters": {
    "MACD": {
      "fast": 9,
      "slow": 5,
      "signal": 31
    },
    "STOCHASTIC_OSCILLATOR": {
      "period": 26,
      "smoothing": 21
    },
    "BOLLINGER": {
      "period": 8,
      "num_std": 37
    },
    "CRV": {
      "period": 22,
      "trading_days": 362880
    }
  },
  "input_features": [
    "close",
    "max",
    "min",
    "volume"
  ],
  "datetime_format": "%m-%d %H:%M %w",
  "seq_len": 30,
  "pred_len": 10,
  "hidden_size": 128,
  "n_heads": 4,
  "num_layers": 4,
  "emb_month_size": 8,
  "emb_weekday_size": 4,
  "lstm_hidden": 256,
  "dropout": 0.2,
  "loss": 2.3202725043205112,
  "hyperparams": {
    "base_lr": 1e-05,
    "batch_size": 150,
    "weight_decay": 0.0001
  }
}