{
  "epochs_trained": 79,
  "loss_history": [
    3.674367889983532,
    3.1215671898462833,
    3.121565876457936,
    3.1214182798449808,
    3.1210054985682167,
    3.1206552361983517,
    3.0782328594418673,
    2.9309019065973088,
    2.3058550304785754,
    1.885373146755573,
    1.688829218535087,
    1.5652388306688039,
    1.4674005134728474,
    1.400646598071624,
    1.3485216738512882,
    1.3123691550355692,
    1.2776282451454646,
    1.2501059388254698,
    1.2292838508960529,
    1.2088979064768706,
    1.190632447753197,
    1.1806886548950122,
    1.1665778572226946,
    1.1547798626602461,
    1.1437774416192985,
    1.1337122413917229,
    1.123176544056489,
    1.1220954667795928,
    1.1093676359435687,
    1.1047061066864392,
    1.0973204329762702,
    1.0929204756900286,
    1.0857102332464776,
    1.080613506275874,
    1.07744958781088,
    1.071791815576263,
    1.0671364956339582,
    1.0616140699997927,
    1.0623455538189945,
    1.0588293436322456,
    1.055779087677216,
    1.0498305074927898,
    1.0449699008588988,
    1.0433388307575997,
    1.042888198871261,
    1.0402811013267208,
    1.0361382266468344,
    1.039627150141467,
    1.0325222929165914,
    1.0314053447439502,
    1.03023979723358,
    1.0285657460280717,
    1.0257444299833898,
    1.022475556400724,
    1.025502949820306,
    1.0201388136727305,
    1.0232626236134614,
    1.0236882833935894,
    1.0268214854636253,
    1.0243307578305785,
    1.032512519988112,
    1.037966371554977,
    1.017840276923126,
    1.02814792080854,
    1.0329675498537911,
    1.0268134797182984,
    1.0306203498681767,
    1.0159423888436494,
    1.0197115278740725,
    1.0153737284109379,
    1.0212560723368556,
    1.0122405921639157,
    1.0235596794233872,
    1.0322858702028408,
    1.0219137240917637,
    1.0176961960796362,
    1.0323649520646685,
    1.032051856113741,
    1.0404376738193708
  ],
  "best_loss": 1.0122405921639157,
  "name": "agent_trade_5m_full_RP",
  "data_normalize": true,
  "timetravel": "5m",
  "indecaters": {
    "SMA": {
      "period": 47,
      "column": "open"
    },
    "RSI": {
      "period": 5
    },
    "ATR": {
      "period": 23
    },
    "MACD": {
      "fast": 39,
      "slow": 9,
      "signal": 46
    },
    "STOCHASTIC_OSCILLATOR": {
      "period": 45,
      "smoothing": 7
    },
    "VWAP": {},
    "MFI": {
      "period": 41
    },
    "CRV": {
      "period": 17,
      "trading_days": 362880
    }
  },
  "input_features": [
    "close",
    "max",
    "min",
    "volume"
  ],
  "datetime_format": "%m-%d %H:%M %w",
  "seq_len": 30,
  "pred_len": 10,
  "hidden_size": 128,
  "n_heads": 4,
  "num_layers": 4,
  "emb_month_size": 8,
  "emb_weekday_size": 4,
  "lstm_hidden": 256,
  "dropout": 0.2,
  "loss": 1.0122405921639157,
  "hyperparams": {
    "base_lr": 1e-05,
    "batch_size": 150,
    "weight_decay": 0.0001
  }
}