{
  "epochs_trained": 72,
  "loss_history": [
    3.799166957537333,
    3.1215676547777957,
    3.1215659766243053,
    3.1215658487570592,
    3.1215600290588843,
    3.1212921733733934,
    3.1210062660162263,
    3.120889535622719,
    3.120715168393575,
    3.120391700993746,
    3.1207948717092857,
    3.056500133467026,
    2.9780794392793606,
    2.5401174079989777,
    1.9109799292416145,
    1.6522637682465406,
    1.5146801281089965,
    1.423931592190877,
    1.3542269572730248,
    1.2999340243121753,
    1.259741875806298,
    1.2295265733851837,
    1.2038484601103343,
    1.181522520222725,
    1.162823384383168,
    1.144444307843462,
    1.1323273171427157,
    1.1198536110573853,
    1.1084407029568384,
    1.101822139206223,
    1.0945794507727409,
    1.0857574486770691,
    1.0812432609154627,
    1.0771542487102441,
    1.0669455090012305,
    1.0670714742155412,
    1.057045392499138,
    1.0543508917609086,
    1.0489735627690187,
    1.0488980835456496,
    1.0469514395697759,
    1.0426271356250614,
    1.0398704989349994,
    1.0348870617772141,
    1.0328614234618652,
    1.031889973456661,
    1.0316268676022688,
    1.029276415428672,
    1.025735335374872,
    1.022211826942288,
    1.0265363612828347,
    1.0290927226860553,
    1.0189717925855746,
    1.0181938053667545,
    1.0173708202250493,
    1.0145492267465361,
    1.0201021349544708,
    1.0279792105521146,
    1.0157139439393694,
    1.0180916952303587,
    1.0210828319478493,
    1.0176170157755797,
    1.0106576302026709,
    1.0085624773017108,
    1.007979118228914,
    1.0127513218384523,
    1.0093936200153368,
    1.0099412115453146,
    1.0093123550770375,
    1.0107157314100708,
    1.012017786097832,
    1.0109804540614669
  ],
  "best_loss": 1.007979118228914,
  "name": "agent_trade_5m_full_RP",
  "data_normalize": true,
  "timetravel": "5m",
  "indecaters": {
    "EMA": {
      "period": 48,
      "column": "close"
    },
    "RSI": {
      "period": 47
    },
    "ATR": {
      "period": 26
    },
    "BOLLINGER": {
      "period": 40,
      "num_std": 5
    },
    "VWAP": {},
    "OBV": {},
    "CRV": {
      "period": 45,
      "trading_days": 362880
    }
  },
  "input_features": [
    "close",
    "max",
    "min",
    "volume"
  ],
  "datetime_format": "%m-%d %H:%M %w",
  "seq_len": 30,
  "pred_len": 10,
  "hidden_size": 128,
  "n_heads": 4,
  "num_layers": 4,
  "emb_month_size": 8,
  "emb_weekday_size": 4,
  "lstm_hidden": 256,
  "dropout": 0.2,
  "loss": 1.007979118228914,
  "hyperparams": {
    "base_lr": 1e-05,
    "batch_size": 150,
    "weight_decay": 0.0001
  }
}