{
  "epochs_trained": 100,
  "loss_history": [
    3.8583694526935237,
    3.1215680052913153,
    3.1215659239047615,
    3.121565810969243,
    3.1215658083481665,
    3.121565832946545,
    3.12156583603376,
    3.121565877000491,
    3.1215658338024066,
    3.1215659481592666,
    3.121565801600615,
    3.1215658527994767,
    3.1215658507820887,
    3.1215658353383726,
    3.121551707983017,
    3.1213940504193305,
    3.121323715815177,
    3.12124045530955,
    3.121113590559898,
    3.1209207887832937,
    3.1207243099732276,
    3.1136956664155693,
    3.041836181772061,
    2.9967430331615303,
    2.969271322037929,
    2.7892225117179064,
    2.371819470906869,
    2.083393226590676,
    1.888671805071525,
    1.74960561962846,
    1.6522918343620423,
    1.5760080706347257,
    1.5182067472812457,
    1.4681451284312286,
    1.428461547467189,
    1.3844287322805477,
    1.3552560543937562,
    1.3322886278384771,
    1.3051050974390446,
    1.2867781252242052,
    1.2689694958333022,
    1.2528655853657387,
    1.2374222438171123,
    1.2247485645058063,
    1.2177972935101924,
    1.2072267699470887,
    1.1931348509532518,
    1.1834570052665778,
    1.1785625860610833,
    1.1740687113083326,
    1.1641848265895476,
    1.1571390194770617,
    1.1517760283767413,
    1.1559153081667728,
    1.1536490821217498,
    1.1400847057319987,
    1.135922431281935,
    1.1233096111412997,
    1.120645913560039,
    1.111238282098411,
    1.1085267885029315,
    1.1093594689963338,
    1.1105000121452104,
    1.1098153180246935,
    1.1038165075828632,
    1.0935907766929804,
    1.0904944553188025,
    1.0839064349788121,
    1.0958512837439776,
    1.0845591041560356,
    1.0715032628560677,
    1.0744853296455665,
    1.0640229620994666,
    1.070650297301129,
    1.0607191926603898,
    1.0640898886857888,
    1.066047383997685,
    1.0601635080614151,
    1.0479180913141524,
    1.0567617895263128,
    1.0470977224571965,
    1.0441797749421153,
    1.040379222676349,
    1.039562682805535,
    1.0407289506437687,
    1.0405537596812997,
    1.0417157979634328,
    1.035319671416894,
    1.031880294839159,
    1.0401090875736032,
    1.0414425192314845,
    1.0317951402755885,
    1.0282761117882835,
    1.028161931138199,
    1.0249856937361452,
    1.0376673965175183,
    1.0264026339791523,
    1.0236853443582852,
    1.0259133881521532,
    1.0213445517726434
  ],
  "best_loss": 1.0213445517726434,
  "name": "agent_trade_5m_full_RP",
  "data_normalize": true,
  "timetravel": "5m",
  "indecaters": {
    "SMA": {
      "period": 39,
      "column": "close"
    },
    "RSI": {
      "period": 5
    },
    "MACD": {
      "fast": 43,
      "slow": 43,
      "signal": 47
    },
    "OBV": {}
  },
  "input_features": [
    "close",
    "max",
    "min",
    "volume"
  ],
  "datetime_format": "%m-%d %H:%M %w",
  "seq_len": 30,
  "pred_len": 10,
  "hidden_size": 128,
  "n_heads": 4,
  "num_layers": 4,
  "emb_month_size": 8,
  "emb_weekday_size": 4,
  "lstm_hidden": 256,
  "dropout": 0.2,
  "loss": 1.0213445517726434,
  "hyperparams": {
    "base_lr": 1e-05,
    "batch_size": 150,
    "weight_decay": 0.0001
  }
}