{
  "epochs_trained": 70,
  "loss_history": [
    3.8184940264393123,
    3.1215683026344347,
    3.121565851844274,
    3.1215658102585717,
    3.121466155617665,
    3.12133781765516,
    3.120616988172898,
    3.121364290431524,
    3.121234697271616,
    3.044607596886464,
    2.5438387277951606,
    1.9299953186244536,
    1.6813573027574098,
    1.538910961877077,
    1.4349509010062769,
    1.3718566284787197,
    1.3158156331934225,
    1.2731082188013272,
    1.2356682390872484,
    1.211288747775058,
    1.18887146605322,
    1.169873674203379,
    1.1522343349877076,
    1.1346098156540823,
    1.1230260474444964,
    1.112432871090296,
    1.1043224248223198,
    1.0954803580485093,
    1.088167107132956,
    1.0828178550847447,
    1.073724436383599,
    1.0699338489293289,
    1.06535096319058,
    1.0580715896829198,
    1.0561000438569448,
    1.0507285619641726,
    1.0472078533757192,
    1.0446500253772888,
    1.0465142695328746,
    1.0447669099548307,
    1.0380102696938391,
    1.033831293898133,
    1.0376778499390453,
    1.0448889006292208,
    1.0436872185575656,
    1.0409963423328903,
    1.0296272112457798,
    1.024985628642906,
    1.0251119616369788,
    1.0209424937029297,
    1.0197860171254247,
    1.0224937916012147,
    1.0214883646025108,
    1.0179455229897911,
    1.0179906787388981,
    1.010446612917078,
    1.012978943258715,
    1.0121749622842822,
    1.0142797423335603,
    1.0148516509424035,
    1.0083225322858644,
    1.0070862374063103,
    1.0063562431262854,
    1.0106087535810777,
    1.0090006533847788,
    1.0104538925698934,
    1.0130695385294848,
    1.0122178749310282,
    1.0131936095865108,
    1.0104258751830995
  ],
  "best_loss": 1.0063562431262854,
  "name": "agent_trade_5m_full_RP",
  "data_normalize": true,
  "timetravel": "5m",
  "indecaters": {
    "EMA": {
      "period": 13,
      "column": "open"
    },
    "RSI": {
      "period": 20
    },
    "MACD": {
      "fast": 12,
      "slow": 25,
      "signal": 43
    },
    "STOCHASTIC_OSCILLATOR": {
      "period": 16,
      "smoothing": 13
    },
    "VWAP": {},
    "OBV": {}
  },
  "input_features": [
    "close",
    "max",
    "min",
    "volume"
  ],
  "datetime_format": "%m-%d %H:%M %w",
  "seq_len": 30,
  "pred_len": 10,
  "hidden_size": 128,
  "n_heads": 4,
  "num_layers": 4,
  "emb_month_size": 8,
  "emb_weekday_size": 4,
  "lstm_hidden": 256,
  "dropout": 0.2,
  "loss": 1.0063562431262854,
  "hyperparams": {
    "base_lr": 1e-05,
    "batch_size": 150,
    "weight_decay": 0.0001
  }
}