{
  "epochs_trained": 89,
  "name": "agent_pred_5m_full_RP",
  "timetravel": "5m",
  "data_normalize": true,
  "loss_history": [
    0.031801690561022014,
    0.0317390565973693,
    0.03167631877748215,
    0.031612393344676006,
    0.031547261172914565,
    0.031479707776438354,
    0.031410110674816485,
    0.03133775605671648,
    0.031263216428440696,
    0.031186998216570287,
    0.03111113882250184,
    0.031038573721000825,
    0.030972867962062934,
    0.03091714861114388,
    0.030872953174284835,
    0.030839902317052446,
    0.03081285655264549,
    0.030791644930011696,
    0.030773136778532162,
    0.030757308916733173,
    0.03074224175012486,
    0.030730569353372147,
    0.030719197339913695,
    0.03071124063408821,
    0.030702876342991414,
    0.03069602033843237,
    0.03068988454406676,
    0.03068601088958302,
    0.03068166341110704,
    0.03067812094833828,
    0.030674419591050363,
    0.030672686685164624,
    0.03067011785769952,
    0.03066967685342483,
    0.030667178251641097,
    0.03066699676377618,
    0.030665122756671503,
    0.03066442006479067,
    0.03066474689818595,
    0.030663654785603286,
    0.030662929686641204,
    0.03066211828512054,
    0.030661510972729053,
    0.0306607201071861,
    0.030661340848619236,
    0.0306606085151254,
    0.03066064113436114,
    0.030660812635928538,
    0.030660464345311052,
    0.030659875524216805,
    0.030659844777074414,
    0.030658847594966634,
    0.030659451247125432,
    0.030659399382986022,
    0.030659145964624514,
    0.03065835946136051,
    0.03065836592203969,
    0.030657367837853767,
    0.030658716583255554,
    0.030658134630822762,
    0.0306566453229294,
    0.030656913438730914,
    0.030657025445882537,
    0.030656887148259485,
    0.030656384105033775,
    0.030657218525789065,
    0.030655926456180028,
    0.03065578978949627,
    0.030655140145929252,
    0.03065547939389944,
    0.030655422174430267,
    0.030655745143331768,
    0.0306554466171937,
    0.03065525595476662,
    0.0306553171719042,
    0.030654610465618147,
    0.030654582857707703,
    0.030654295079752012,
    0.030654333091660397,
    0.03065380142353799,
    0.03065318486162862,
    0.030653108703107505,
    0.030653971643659517,
    0.030653234112305916,
    0.03065321652614624,
    0.030653661679350522,
    0.030653379983876062,
    0.030653117024092284,
    0.030653241194226747
  ],
  "best_loss": 0.030653108703107505,
  "indecaters": {
    "BOLLINGER": {
      "period": 27,
      "num_std": 63
    },
    "VWAP": {},
    "OBV": {},
    "MFI": {
      "period": 38
    }
  },
  "datetime_format": "%m-%d %H:%M %w",
  "input_features": [
    "close",
    "max",
    "min",
    "volume"
  ],
  "seq_len": 50,
  "pred_len": 20,
  "d_model": 256,
  "n_heads": 8,
  "emb_month_size": 8,
  "emb_weekday_size": 4,
  "lstm_hidden": 256,
  "num_layers": 2,
  "dropout": 0.4,
  "hyperparams": {
    "base_lr": 1e-05,
    "batch_size": 100,
    "weight_decay": 0.0001
  }
}