{
  "epochs_trained": 92,
  "loss_history": [
    3.7903351415961217,
    3.1215682601240964,
    3.121565864720406,
    3.1215658709788934,
    3.121565864812105,
    3.1213385868225343,
    3.120975579183835,
    3.121010922552683,
    3.0735529717115257,
    2.8322993252292656,
    2.155147609523474,
    1.8080673386576849,
    1.612779730141927,
    1.4871397840174345,
    1.4023110789729234,
    1.3430167098266956,
    1.2961986516702633,
    1.2548231589526702,
    1.2233568411033886,
    1.1985705013305712,
    1.1773067715888221,
    1.1602460545072188,
    1.1450548136826508,
    1.1336995629087472,
    1.1195328223667083,
    1.111095785813836,
    1.1010004729166245,
    1.0946083487130893,
    1.0919887335044451,
    1.0798943278690178,
    1.0729048145715243,
    1.0682014963594384,
    1.0662184990025483,
    1.0598090435554965,
    1.057552878616903,
    1.055203952919214,
    1.0509805766655467,
    1.0455825207573481,
    1.0412025593163876,
    1.044136400904793,
    1.0383643181144426,
    1.0373642650724222,
    1.0343835805251431,
    1.0346766236768319,
    1.0339284515982636,
    1.0330731158789535,
    1.0321872194483876,
    1.0239527896743936,
    1.0237151833337086,
    1.0220536562571159,
    1.021523001833986,
    1.0220837522899875,
    1.017013665408087,
    1.0165407306901537,
    1.0163233058125927,
    1.0171914134403834,
    1.0189807989180852,
    1.0107003389709652,
    1.0085388819644083,
    1.0086867113258595,
    1.0109474632277702,
    1.01233772419011,
    1.0087493837557924,
    1.0079777159178869,
    1.0076492696331862,
    1.0069118078950887,
    1.0038737978060277,
    1.0032388244874966,
    1.0055541255200902,
    1.0023426796323978,
    1.0035873634244006,
    1.0038855355834733,
    1.001035779095613,
    1.001012330168906,
    0.9990837146867162,
    1.000111053099808,
    0.9977541868541485,
    0.9979431126467311,
    0.996718855287211,
    0.9956674573685114,
    0.9950456304848194,
    0.9954298083178508,
    0.9930171407358005,
    0.9927805238541885,
    0.9898684233006758,
    0.996776043581657,
    0.9937713326456455,
    0.9943985551118086,
    0.9957637237872069,
    0.9921807301894594,
    0.9936666169839028,
    0.9911561775646913
  ],
  "best_loss": 0.9898684233006758,
  "name": "agent_trade_5m_full_RP",
  "data_normalize": true,
  "timetravel": "5m",
  "indecaters": {
    "ATR": {
      "period": 35
    },
    "MACD": {
      "fast": 6,
      "slow": 34,
      "signal": 48
    },
    "BOLLINGER": {
      "period": 48,
      "num_std": 20
    }
  },
  "input_features": [
    "close",
    "max",
    "min",
    "volume"
  ],
  "datetime_format": "%m-%d %H:%M %w",
  "seq_len": 30,
  "pred_len": 10,
  "hidden_size": 128,
  "n_heads": 4,
  "num_layers": 4,
  "emb_month_size": 8,
  "emb_weekday_size": 4,
  "lstm_hidden": 256,
  "dropout": 0.2,
  "loss": 0.9898684233006758,
  "hyperparams": {
    "base_lr": 1e-05,
    "batch_size": 150,
    "weight_decay": 0.0001
  }
}