{
  "epochs_trained": 64,
  "loss_history": [
    3.735849599952881,
    3.1215668453543612,
    3.1215565080520435,
    3.1213124865293502,
    3.1208001297865158,
    3.1207211853372745,
    3.1109190703431766,
    2.8326702883916024,
    2.125232710738977,
    1.7959297364835556,
    1.6007313876350722,
    1.4798187358906636,
    1.3924552171849287,
    1.3328369637464101,
    1.2828713430292331,
    1.2484170374713648,
    1.2198806744508255,
    1.191901816150699,
    1.1725860987794705,
    1.1558875430872042,
    1.1429806126119235,
    1.1287567621689194,
    1.1188546959931651,
    1.1097825051653079,
    1.10093583957316,
    1.0932835649660764,
    1.0868977007766565,
    1.083011653209344,
    1.0755619302420663,
    1.0691623269202999,
    1.0642035841846313,
    1.0591075342033918,
    1.057494617446493,
    1.052414772332861,
    1.0507723373556748,
    1.0485601271593419,
    1.044137265892365,
    1.0433077682411442,
    1.0388024894587504,
    1.0370904301020962,
    1.034800158230922,
    1.0381349469931462,
    1.0399252501836953,
    1.039950870495194,
    1.0367470009519886,
    1.0291489998996257,
    1.0270293665514925,
    1.0283005747743523,
    1.0232113971188666,
    1.019171776459194,
    1.0187900314050224,
    1.0189276152323836,
    1.012604055074163,
    1.027268915022604,
    1.0126381682872008,
    1.013088492899178,
    1.0097736507224349,
    1.014296566068362,
    1.0099871603447275,
    1.0205468615240012,
    1.0558001730294946,
    1.031389596737348,
    1.0194092661209213,
    1.0137507487375004
  ],
  "best_loss": 1.0097736507224349,
  "name": "agent_trade_5m_full_RP",
  "data_normalize": true,
  "timetravel": "5m",
  "indecaters": {
    "SMA": {
      "period": 40,
      "column": "min"
    },
    "RSI": {
      "period": 44
    },
    "ATR": {
      "period": 29
    },
    "MACD": {
      "fast": 46,
      "slow": 17,
      "signal": 22
    },
    "VWAP": {},
    "OBV": {},
    "MFI": {
      "period": 14
    },
    "CRV": {
      "period": 18,
      "trading_days": 362880
    }
  },
  "input_features": [
    "close",
    "max",
    "min",
    "volume"
  ],
  "datetime_format": "%m-%d %H:%M %w",
  "seq_len": 30,
  "pred_len": 10,
  "hidden_size": 128,
  "n_heads": 4,
  "num_layers": 4,
  "emb_month_size": 8,
  "emb_weekday_size": 4,
  "lstm_hidden": 256,
  "dropout": 0.2,
  "loss": 1.0097736507224349,
  "hyperparams": {
    "base_lr": 1e-05,
    "batch_size": 150,
    "weight_decay": 0.0001
  }
}