{
  "epochs_trained": 100,
  "loss_history": [
    3.7234928674269945,
    3.1215673073667745,
    3.1215658344519444,
    3.1212335857978233,
    3.121126179206066,
    3.0956188083764835,
    2.982549342276194,
    2.470203168185858,
    1.957542625115468,
    1.705901557661784,
    1.5546114150453836,
    1.4533428904108512,
    1.3840512115451005,
    1.3302576854939645,
    1.2852318232143536,
    1.2527993582246395,
    1.2249569982615036,
    1.2037793365159095,
    1.1810442927288702,
    1.1662339549683607,
    1.1473263594527274,
    1.1334809023084549,
    1.1239639947830866,
    1.1119808373351892,
    1.1016059210590827,
    1.0945528446558195,
    1.0868099141923282,
    1.0802531667970694,
    1.074837401221769,
    1.070951956577408,
    1.0636506453462136,
    1.0620588082399889,
    1.0541742188187364,
    1.0501768834888936,
    1.048237081589416,
    1.0462516137957574,
    1.0435126232384488,
    1.04185190362617,
    1.0394716515659521,
    1.036177435196363,
    1.0358626132382032,
    1.0319280229069483,
    1.0311587252143102,
    1.02864520124709,
    1.0257789430366113,
    1.0228917040647223,
    1.023121607028521,
    1.0198708224258362,
    1.0185436415825135,
    1.0175760868497383,
    1.0153050768318084,
    1.0183707573608711,
    1.0145922373340297,
    1.0151364419953182,
    1.0108740571160346,
    1.0100798698858573,
    1.0098630838955824,
    1.0092941585049415,
    1.0059169846333755,
    1.0060155984768884,
    1.0063828118365163,
    1.0044489203412563,
    1.0054911367394603,
    1.0038681241000693,
    1.0038222251182947,
    1.0027921132523663,
    1.002108001857996,
    1.0015232651432355,
    1.0031969166184083,
    1.0001235682030136,
    1.0007284639670682,
    1.0017393796929182,
    1.002666758101147,
    1.0013933462534959,
    0.9987627114441532,
    0.9978162557402482,
    0.9982758075380936,
    0.9975608491935791,
    0.9973985351163608,
    0.9962010566632336,
    0.9942487415518516,
    0.9943909467451083,
    0.9928591854965839,
    0.9924695893816459,
    0.9944860532946693,
    0.991139000736368,
    0.9963862172065255,
    0.9957148690626789,
    0.9928419907123615,
    0.9921167578261633,
    0.9918048717329899,
    0.9895014017037093,
    0.9906056985010704,
    0.989780176564669,
    0.9886782419423644,
    0.9872168451480758,
    0.9882563673122189,
    0.9886170653435282,
    0.9884603374986313,
    0.9874491890892386
  ],
  "best_loss": 0.9872168451480758,
  "name": "agent_trade_5m_full_RP",
  "data_normalize": true,
  "timetravel": "5m",
  "indecaters": {
    "SMA": {
      "period": 10,
      "column": "open"
    },
    "MACD": {
      "fast": 40,
      "slow": 9,
      "signal": 10
    },
    "BOLLINGER": {
      "period": 15,
      "num_std": 42
    },
    "OBV": {}
  },
  "input_features": [
    "close",
    "max",
    "min",
    "volume"
  ],
  "datetime_format": "%m-%d %H:%M %w",
  "seq_len": 30,
  "pred_len": 10,
  "hidden_size": 128,
  "n_heads": 4,
  "num_layers": 4,
  "emb_month_size": 8,
  "emb_weekday_size": 4,
  "lstm_hidden": 256,
  "dropout": 0.2,
  "loss": 0.9872168451480758,
  "hyperparams": {
    "base_lr": 1e-05,
    "batch_size": 150,
    "weight_decay": 0.0001
  }
}