{
  "epochs_trained": 79,
  "loss_history": [
    3.795193658983096,
    3.1215680783375714,
    3.121565873569403,
    3.1215658594858953,
    3.1214752181523884,
    3.1208587761414357,
    3.120978782368012,
    3.1210840761585112,
    3.1030035545046513,
    2.99847334954219,
    2.5619434709426683,
    1.9781096312365472,
    1.7366245932647815,
    1.5770879194255059,
    1.47420555340556,
    1.401379140057625,
    1.3439113586529707,
    1.302591676960389,
    1.2681730112013145,
    1.2397417085885238,
    1.2130376799098956,
    1.19289036743916,
    1.1768112767908054,
    1.1626637000304,
    1.1504971560377342,
    1.1380475633027844,
    1.126857944736496,
    1.118657681130064,
    1.1122914070941698,
    1.1035991693737033,
    1.0989055355580954,
    1.0895739740907,
    1.0839818478280152,
    1.07708760906584,
    1.0722600177427133,
    1.066299447505138,
    1.0642986539493386,
    1.061178128984876,
    1.0556283606139896,
    1.0554510461892455,
    1.0491551600453946,
    1.0479872625684128,
    1.0433006600481578,
    1.041508642454178,
    1.0364253674906034,
    1.034902966100818,
    1.0318012538771981,
    1.0312600040875184,
    1.0264717078915773,
    1.0237140323422276,
    1.0254621065923801,
    1.0228355170480716,
    1.0202373495172614,
    1.01977101569852,
    1.0180690910304204,
    1.0145993136499938,
    1.0159106645379694,
    1.013650684052935,
    1.011397656889107,
    1.0152546217435827,
    1.0116070669660202,
    1.0109023092811307,
    1.0056360121491628,
    1.0067449400593074,
    1.0055563345570595,
    1.0104939803337822,
    1.0060780597076966,
    1.0078396547595279,
    1.008708289470046,
    1.0121707110250227,
    1.0110792628370033,
    0.9935598959248417,
    0.9953801342434226,
    0.9986088662527692,
    0.9961752647027755,
    0.9983559867405356,
    0.9992979998265703,
    0.9965700198862797,
    1.0000716227703752
  ],
  "best_loss": 0.9935598959248417,
  "name": "agent_trade_5m_full_RP",
  "data_normalize": true,
  "timetravel": "5m",
  "indecaters": {
    "SMA": {
      "period": 6,
      "column": "close"
    },
    "RSI": {
      "period": 50
    },
    "OBV": {},
    "CRV": {
      "period": 28,
      "trading_days": 362880
    }
  },
  "input_features": [
    "close",
    "max",
    "min",
    "volume"
  ],
  "datetime_format": "%m-%d %H:%M %w",
  "seq_len": 30,
  "pred_len": 10,
  "hidden_size": 128,
  "n_heads": 4,
  "num_layers": 4,
  "emb_month_size": 8,
  "emb_weekday_size": 4,
  "lstm_hidden": 256,
  "dropout": 0.2,
  "loss": 0.9935598959248417,
  "hyperparams": {
    "base_lr": 1e-05,
    "batch_size": 150,
    "weight_decay": 0.0001
  }
}