{
  "epochs_trained": 100,
  "loss_history": [
    4.134730170583113,
    3.256062548359235,
    3.016397847227561,
    2.87995851561045,
    2.802568910053143,
    2.758980963528156,
    2.7356315342050332,
    2.721097556153933,
    2.712310641438533,
    2.707288214457341,
    2.70449711872217,
    2.7020188076068195,
    2.700441681666252,
    2.6998936020410977,
    2.6983613981344763,
    2.697723609507084,
    2.6972360008649336,
    2.6962495483572666,
    2.6953586043532076,
    2.6946371107987868,
    2.6937318842151226,
    2.6932237071410206,
    2.6922457922956884,
    2.6918933299795174,
    2.690984718646759,
    2.690561318160632,
    2.6899021235108376,
    2.6891476862782087,
    2.6886158702006706,
    2.687767754029005,
    2.6875652876267067,
    2.686664007000434,
    2.686212408519708,
    2.6857354033833896,
    2.685212209545649,
    2.684717671168156,
    2.6841097930914315,
    2.683633626042268,
    2.683400383171363,
    2.6829588144406293,
    2.6826004203771934,
    2.6821535383661588,
    2.681802886181917,
    2.6816050690565354,
    2.6811891205570637,
    2.680859519029275,
    2.680627945378805,
    2.6804071732514942,
    2.6801429560169194,
    2.6798632721488294,
    2.6797007168332736,
    2.6795039364619133,
    2.679295629469248,
    2.679123500707822,
    2.6789651612899243,
    2.6787642638194256,
    2.678665833236315,
    2.6785026023938108,
    2.678411220403818,
    2.6783057962396204,
    2.6781867759197184,
    2.678090038353052,
    2.678042710454036,
    2.6779253182273646,
    2.677847467584488,
    2.677797363247627,
    2.6777468189062215,
    2.6776665179698895,
    2.677621638591473,
    2.6775716694043235,
    2.677531813719334,
    2.6774908755834286,
    2.6774370847527798,
    2.677414490595842,
    2.67737055738767,
    2.677343293795219,
    2.6773174562897437,
    2.6773029439800826,
    2.6772689084670485,
    2.6772530725445502,
    2.6772325112269475,
    2.6772159292682622,
    2.6771910504805736,
    2.677181131847394,
    2.6771626288462906,
    2.6771594368647307,
    2.677139980441485,
    2.6771253866492173,
    2.6771132239546533,
    2.6771054561856467,
    2.677095453464068,
    2.6770896444412378,
    2.6770859716947264,
    2.677071020442706,
    2.677069642176995,
    2.6770682288438845,
    2.6770575559062837,
    2.6770497151980033,
    2.6770486318683013,
    2.677041223026239
  ],
  "best_loss": 2.677041223026239,
  "name": "agent_trade_5m_full_RP",
  "data_normalize": true,
  "timetravel": "5m",
  "indecaters": {
    "EMA": {
      "period": 42,
      "column": "open"
    },
    "ATR": {
      "period": 30
    },
    "MACD": {
      "fast": 32,
      "slow": 44,
      "signal": 38
    },
    "BOLLINGER": {
      "period": 48,
      "num_std": 24
    },
    "VWAP": {},
    "OBV": {}
  },
  "input_features": [
    "close",
    "max",
    "min",
    "volume"
  ],
  "datetime_format": "%m-%d %H:%M %w",
  "seq_len": 30,
  "pred_len": 10,
  "hidden_size": 128,
  "n_heads": 4,
  "num_layers": 4,
  "emb_month_size": 8,
  "emb_weekday_size": 4,
  "lstm_hidden": 256,
  "dropout": 0.2,
  "loss": 2.677041223026239,
  "hyperparams": {
    "base_lr": 1e-05,
    "batch_size": 150,
    "weight_decay": 0.0001
  }
}