{
  "epochs_trained": 75,
  "loss_history": [
    3.7260914722467082,
    3.121567646364371,
    3.121565909951161,
    3.121558934419583,
    3.1212861567964922,
    3.120992843875518,
    3.1208732087948383,
    3.1209904356797535,
    3.120630416992383,
    3.1151867666611306,
    3.0116371740133334,
    2.7770025068597914,
    2.1158182983291454,
    1.7887283085171992,
    1.600845753439726,
    1.4792097034821143,
    1.3916560300821676,
    1.3265131678986244,
    1.2746809147871458,
    1.2407131822540973,
    1.2126278272118325,
    1.1901688644500115,
    1.1665006441909533,
    1.1520907192830092,
    1.1370865280486835,
    1.1248979714847145,
    1.1150347611203026,
    1.1048474813749394,
    1.097676938137947,
    1.0887795185087583,
    1.0844592242707045,
    1.0765380056087788,
    1.0715972329981815,
    1.066529982418586,
    1.0611674330746517,
    1.061767738671639,
    1.0563319604146557,
    1.0519483781252534,
    1.045892531567086,
    1.0468925177000272,
    1.0393817799137188,
    1.0385361050843047,
    1.033018541511817,
    1.0307369279670409,
    1.028716744170166,
    1.029769857928921,
    1.0246361356123517,
    1.0231562171599422,
    1.024003581414238,
    1.02823819742944,
    1.0226822031079195,
    1.0222492692992091,
    1.0140937448598635,
    1.026325508274902,
    1.0244682046197928,
    1.0305567172800119,
    1.0153360469858999,
    1.024496996974907,
    1.0156307221213594,
    1.0136927197004357,
    1.0162862856246722,
    1.0163194581254935,
    1.0141522655101158,
    1.010232789088518,
    1.009765876258413,
    1.0189925031125164,
    1.0105437303964908,
    1.0057556335446545,
    1.013201179954295,
    1.0057876882577936,
    1.0147323170285194,
    1.0229336995230272,
    1.029494546000392,
    1.0118922237555186,
    1.0170823529821176
  ],
  "best_loss": 1.0057556335446545,
  "name": "agent_trade_5m_full_RP",
  "data_normalize": true,
  "timetravel": "5m",
  "indecaters": {
    "SMA": {
      "period": 36,
      "column": "close"
    },
    "EMA": {
      "period": 27,
      "column": "min"
    },
    "ATR": {
      "period": 34
    },
    "STOCHASTIC_OSCILLATOR": {
      "period": 34,
      "smoothing": 34
    },
    "VWAP": {},
    "MFI": {
      "period": 34
    }
  },
  "input_features": [
    "close",
    "max",
    "min",
    "volume"
  ],
  "datetime_format": "%m-%d %H:%M %w",
  "seq_len": 30,
  "pred_len": 10,
  "hidden_size": 128,
  "n_heads": 4,
  "num_layers": 4,
  "emb_month_size": 8,
  "emb_weekday_size": 4,
  "lstm_hidden": 256,
  "dropout": 0.2,
  "loss": 1.0057556335446545,
  "hyperparams": {
    "base_lr": 1e-05,
    "batch_size": 150,
    "weight_decay": 0.0001
  }
}